Chr_Start	line
Chr1_174497	A123
Chr1_214352	A123
Chr1_316534	A123
Chr1_1193504	A123
Chr1_1867482	A123
Chr1_2119030	A123
Chr1_4414780	A123
Chr1_5120693	A123
Chr1_5623713	A123
Chr1_5709001	A123
Chr1_6057238	A123
Chr1_6432233	A123
Chr1_8326624	A123
Chr1_8667985	A123
Chr1_8698445	A123
Chr1_15512723	A123
Chr1_16327643	A123
Chr1_20599334	A123
Chr1_21174656	A123
Chr1_21556918	A123
Chr1_21565699	A123
Chr1_23345273	A123
Chr1_24082897	A123
Chr1_24181479	A123
Chr1_24252949	A123
Chr1_25086304	A123
Chr1_25280980	A123
Chr1_25281770	A123
Chr1_25866208	A123
Chr1_26106793	A123
Chr1_26205753	A123
Chr1_27292707	A123
Chr1_28161487	A123
Chr1_28490064	A123
Chr1_29931361	A123
Chr1_29935735	A123
Chr1_30235962	A123
Chr1_31412431	A123
Chr1_31877585	A123
Chr1_32658454	A123
Chr1_33282256	A123
Chr1_33766058	A123
Chr1_35200488	A123
Chr1_35488880	A123
Chr1_35936947	A123
Chr1_36428441	A123
Chr1_36796589	A123
Chr1_38092037	A123
Chr1_38092618	A123
Chr1_39152890	A123
Chr1_39428259	A123
Chr1_39666830	A123
Chr1_39899559	A123
Chr1_39904179	A123
Chr1_40702080	A123
Chr1_42038821	A123
Chr1_42320293	A123
Chr1_42365748	A123
Chr2_458589	A123
Chr2_681903	A123
Chr2_2831106	A123
Chr2_2834012	A123
Chr2_2883907	A123
Chr2_3502593	A123
Chr2_3639033	A123
Chr2_3991330	A123
Chr2_4119847	A123
Chr2_4243727	A123
Chr2_4338129	A123
Chr2_4644590	A123
Chr2_6664414	A123
Chr2_7838214	A123
Chr2_9418869	A123
Chr2_9438879	A123
Chr2_9640960	A123
Chr2_10202907	A123
Chr2_11041881	A123
Chr2_12298995	A123
Chr2_13202373	A123
Chr2_14819923	A123
Chr2_15709146	A123
Chr2_16222087	A123
Chr2_16678146	A123
Chr2_16986965	A123
Chr2_17969908	A123
Chr2_18251855	A123
Chr2_18266144	A123
Chr2_18302508	A123
Chr2_18458308	A123
Chr2_18464452	A123
Chr2_23175181	A123
Chr2_23819509	A123
Chr2_24157147	A123
Chr2_24264668	A123
Chr2_25760794	A123
Chr2_26207952	A123
Chr2_27148056	A123
Chr2_27201254	A123
Chr2_28383043	A123
Chr2_28948533	A123
Chr2_29990405	A123
Chr2_30089816	A123
Chr2_30375297	A123
Chr2_30902244	A123
Chr2_30923597	A123
Chr2_31053561	A123
Chr2_31158664	A123
Chr2_31670396	A123
Chr2_31672501	A123
Chr2_32571629	A123
Chr2_32572074	A123
Chr2_33884289	A123
Chr2_34576206	A123
Chr2_35230683	A123
Chr2_35353667	A123
Chr2_35711681	A123
Chr3_132031	A123
Chr3_1113084	A123
Chr3_1246188	A123
Chr3_1298988	A123
Chr3_1429393	A123
Chr3_1840658	A123
Chr3_2737673	A123
Chr3_3390556	A123
Chr3_3469507	A123
Chr3_3558661	A123
Chr3_4033197	A123
Chr3_4094373	A123
Chr3_4820855	A123
Chr3_5987927	A123
Chr3_6139873	A123
Chr3_6227232	A123
Chr3_6861349	A123
Chr3_8558948	A123
Chr3_8760868	A123
Chr3_9946170	A123
Chr3_10592386	A123
Chr3_10676838	A123
Chr3_11281617	A123
Chr3_11331348	A123
Chr3_12046613	A123
Chr3_12158053	A123
Chr3_12571104	A123
Chr3_13282282	A123
Chr3_14620264	A123
Chr3_16846775	A123
Chr3_17269649	A123
Chr3_18117564	A123
Chr3_19174833	A123
Chr3_20971983	A123
Chr3_22203353	A123
Chr3_24203921	A123
Chr3_24753651	A123
Chr3_25086368	A123
Chr3_26262315	A123
Chr3_26688130	A123
Chr3_26846761	A123
Chr3_28470308	A123
Chr3_28519793	A123
Chr3_28577817	A123
Chr3_28836745	A123
Chr3_29239284	A123
Chr3_29574402	A123
Chr3_29779175	A123
Chr3_30058248	A123
Chr3_30489355	A123
Chr3_30613089	A123
Chr3_31848096	A123
Chr3_32007444	A123
Chr3_32923406	A123
Chr3_33130124	A123
Chr3_34212513	A123
Chr3_34459499	A123
Chr3_35141440	A123
Chr4_8639819	A123
Chr4_9332085	A123
Chr4_9562247	A123
Chr4_14006528	A123
Chr4_14327561	A123
Chr4_18718159	A123
Chr4_19345313	A123
Chr4_19915922	A123
Chr4_19988150	A123
Chr4_20639001	A123
Chr4_20701301	A123
Chr4_20906353	A123
Chr4_21249875	A123
Chr4_22423569	A123
Chr4_22880497	A123
Chr4_22883629	A123
Chr4_23006034	A123
Chr4_23475677	A123
Chr4_24925072	A123
Chr4_25028693	A123
Chr4_25731832	A123
Chr4_26226544	A123
Chr4_26390442	A123
Chr4_26423865	A123
Chr4_26750944	A123
Chr4_27011581	A123
Chr4_27056953	A123
Chr4_27129771	A123
Chr4_27376604	A123
Chr4_27782487	A123
Chr4_27882541	A123
Chr4_28059607	A123
Chr4_28083323	A123
Chr4_28148000	A123
Chr4_28749936	A123
Chr4_28828615	A123
Chr4_29357077	A123
Chr4_29593703	A123
Chr4_29593844	A123
Chr4_30177169	A123
Chr4_31426319	A123
Chr4_31930920	A123
Chr4_32885739	A123
Chr4_33800276	A123
Chr4_34225549	A123
Chr4_34623829	A123
Chr4_34687258	A123
Chr4_34746362	A123
Chr4_34928351	A123
Chr4_35422283	A123
Chr5_171252	A123
Chr5_334871	A123
Chr5_898444	A123
Chr5_2162851	A123
Chr5_5878602	A123
Chr5_6205185	A123
Chr5_6663444	A123
Chr5_7250281	A123
Chr5_10723804	A123
Chr5_13976475	A123
Chr5_16788400	A123
Chr5_17573162	A123
Chr5_17983773	A123
Chr5_18687308	A123
Chr5_18695565	A123
Chr5_18960104	A123
Chr5_19041506	A123
Chr5_20247963	A123
Chr5_20301998	A123
Chr5_21321063	A123
Chr5_21678134	A123
Chr5_22244054	A123
Chr5_22595014	A123
Chr5_22645235	A123
Chr5_23105411	A123
Chr5_23257990	A123
Chr5_26931223	A123
Chr5_27073211	A123
Chr5_27123801	A123
Chr5_27495105	A123
Chr5_28384596	A123
Chr5_28592208	A123
Chr5_28811998	A123
Chr5_29636516	A123
Chr6_227472	A123
Chr6_1543420	A123
Chr6_2035334	A123
Chr6_2037771	A123
Chr6_2855292	A123
Chr6_3808396	A123
Chr6_4093155	A123
Chr6_6018184	A123
Chr6_7003294	A123
Chr6_7240933	A123
Chr6_7628081	A123
Chr6_8173157	A123
Chr6_8183198	A123
Chr6_8850088	A123
Chr6_9336295	A123
Chr6_10144769	A123
Chr6_11295784	A123
Chr6_11552864	A123
Chr6_14533007	A123
Chr6_15895797	A123
Chr6_17068637	A123
Chr6_17290334	A123
Chr6_19875147	A123
Chr6_20051106	A123
Chr6_20709176	A123
Chr6_21447643	A123
Chr6_21861157	A123
Chr6_22181553	A123
Chr6_23366776	A123
Chr6_23888836	A123
Chr6_23960300	A123
Chr6_24309353	A123
Chr6_24358871	A123
Chr6_24738717	A123
Chr6_25121076	A123
Chr6_25271452	A123
Chr6_25941375	A123
Chr6_26067398	A123
Chr6_26397557	A123
Chr6_26750778	A123
Chr6_27249221	A123
Chr6_27838561	A123
Chr6_28128926	A123
Chr6_29801346	A123
Chr6_30122819	A123
Chr6_31117136	A123
Chr7_1246394	A123
Chr7_1765517	A123
Chr7_1788057	A123
Chr7_1924669	A123
Chr7_3580864	A123
Chr7_3789570	A123
Chr7_3981857	A123
Chr7_4528886	A123
Chr7_7541939	A123
Chr7_8541854	A123
Chr7_8545936	A123
Chr7_16258988	A123
Chr7_16346850	A123
Chr7_17676175	A123
Chr7_18059490	A123
Chr7_18616401	A123
Chr7_19446274	A123
Chr7_20587125	A123
Chr7_20612318	A123
Chr7_22525619	A123
Chr7_23220760	A123
Chr7_24315404	A123
Chr7_24752172	A123
Chr7_25319824	A123
Chr7_25542893	A123
Chr7_26909813	A123
Chr7_27443315	A123
Chr7_29154624	A123
Chr7_29460820	A123
Chr7_29484348	A123
Chr8_8652	A123
Chr8_763040	A123
Chr8_1015024	A123
Chr8_2252478	A123
Chr8_2433354	A123
Chr8_4893418	A123
Chr8_8939726	A123
Chr8_10729276	A123
Chr8_11774718	A123
Chr8_19456158	A123
Chr8_19671059	A123
Chr8_19840875	A123
Chr8_20130311	A123
Chr8_20628371	A123
Chr8_21038864	A123
Chr8_21236816	A123
Chr8_21266283	A123
Chr8_21303491	A123
Chr8_21582221	A123
Chr8_23289526	A123
Chr8_23612059	A123
Chr8_23621524	A123
Chr8_23643361	A123
Chr8_24175360	A123
Chr8_24622993	A123
Chr8_24881079	A123
Chr8_26430164	A123
Chr8_26492492	A123
Chr8_26602700	A123
Chr8_27152477	A123
Chr8_27345072	A123
Chr8_27491665	A123
Chr8_27839011	A123
Chr8_28049379	A123
Chr8_28264255	A123
Chr8_28359810	A123
Chr9_6735981	A123
Chr9_10338430	A123
Chr9_12538484	A123
Chr9_12812945	A123
Chr9_13755558	A123
Chr9_15710873	A123
Chr9_16182068	A123
Chr9_16865569	A123
Chr9_17091700	A123
Chr9_17343760	A123
Chr9_17908907	A123
Chr9_18354396	A123
Chr9_19637390	A123
Chr9_19950388	A123
Chr9_19950662	A123
Chr9_20250174	A123
Chr9_20804029	A123
Chr10_664875	A123
Chr10_1267743	A123
Chr10_2990544	A123
Chr10_5464812	A123
Chr10_10579471	A123
Chr10_11609959	A123
Chr10_12054351	A123
Chr10_14181188	A123
Chr10_15143402	A123
Chr10_15522562	A123
Chr10_15844226	A123
Chr10_16757583	A123
Chr10_17064451	A123
Chr10_17892618	A123
Chr10_17918254	A123
Chr10_18044216	A123
Chr10_18050498	A123
Chr10_18430452	A123
Chr10_21849907	A123
Chr10_21853601	A123
Chr10_21923711	A123
Chr10_22745427	A123
Chr11_257898	A123
Chr11_617174	A123
Chr11_1807319	A123
Chr11_2446250	A123
Chr11_2492870	A123
Chr11_2724735	A123
Chr11_2880275	A123
Chr11_3596962	A123
Chr11_3763257	A123
Chr11_3763337	A123
Chr11_4125181	A123
Chr11_6968563	A123
Chr11_7594413	A123
Chr11_10091197	A123
Chr11_10775103	A123
Chr11_11033106	A123
Chr11_11666230	A123
Chr11_13743296	A123
Chr11_13975601	A123
Chr11_15385199	A123
Chr11_16100808	A123
Chr11_16811327	A123
Chr11_16894771	A123
Chr11_17352197	A123
Chr11_17641559	A123
Chr11_17787653	A123
Chr11_19532759	A123
Chr11_19811280	A123
Chr11_20478227	A123
Chr11_20490424	A123
Chr11_21459183	A123
Chr11_23860742	A123
Chr11_24682791	A123
Chr11_25822229	A123
Chr11_28835577	A123
Chr12_731441	A123
Chr12_827132	A123
Chr12_2224377	A123
Chr12_3840865	A123
Chr12_4109145	A123
Chr12_5545730	A123
Chr12_7653851	A123
Chr12_15777508	A123
Chr12_19986497	A123
Chr12_21250306	A123
Chr12_22594222	A123
Chr12_23060351	A123
Chr12_23784567	A123
Chr12_24587182	A123
Chr12_25413938	A123
Chr12_26057300	A123
Chr12_26785876	A123
Chr1_2924	EG4
Chr1_174500	EG4
Chr1_1116558	EG4
Chr1_1132974	EG4
Chr1_1624376	EG4
Chr1_1691678	EG4
Chr1_1715116	EG4
Chr1_1852226	EG4
Chr1_3444991	EG4
Chr1_3780848	EG4
Chr1_3826731	EG4
Chr1_3929764	EG4
Chr1_4076463	EG4
Chr1_4220009	EG4
Chr1_4230076	EG4
Chr1_5335610	EG4
Chr1_5394628	EG4
Chr1_6172232	EG4
Chr1_6806760	EG4
Chr1_6816414	EG4
Chr1_6846278	EG4
Chr1_6864903	EG4
Chr1_7514411	EG4
Chr1_8080398	EG4
Chr1_8479731	EG4
Chr1_8750743	EG4
Chr1_9142464	EG4
Chr1_9581604	EG4
Chr1_10903900	EG4
Chr1_11226134	EG4
Chr1_11431995	EG4
Chr1_12249227	EG4
Chr1_12375108	EG4
Chr1_13935274	EG4
Chr1_14047375	EG4
Chr1_16130485	EG4
Chr1_18405049	EG4
Chr1_18989741	EG4
Chr1_19040114	EG4
Chr1_19407316	EG4
Chr1_21229112	EG4
Chr1_21351850	EG4
Chr1_21412334	EG4
Chr1_21565699	EG4
Chr1_22415369	EG4
Chr1_22465946	EG4
Chr1_23112819	EG4
Chr1_24027733	EG4
Chr1_24082897	EG4
Chr1_24969376	EG4
Chr1_25256700	EG4
Chr1_25865811	EG4
Chr1_27497751	EG4
Chr1_28356228	EG4
Chr1_28918069	EG4
Chr1_28924284	EG4
Chr1_29276378	EG4
Chr1_29328835	EG4
Chr1_29398063	EG4
Chr1_29494571	EG4
Chr1_29496304	EG4
Chr1_29926800	EG4
Chr1_30895564	EG4
Chr1_31556969	EG4
Chr1_32204668	EG4
Chr1_32293359	EG4
Chr1_33766058	EG4
Chr1_34086311	EG4
Chr1_34281435	EG4
Chr1_34897488	EG4
Chr1_34998828	EG4
Chr1_35178668	EG4
Chr1_35465444	EG4
Chr1_35473331	EG4
Chr1_35607598	EG4
Chr1_35783192	EG4
Chr1_36114223	EG4
Chr1_36248501	EG4
Chr1_36270510	EG4
Chr1_36466451	EG4
Chr1_37828360	EG4
Chr1_38092037	EG4
Chr1_38092618	EG4
Chr1_38426092	EG4
Chr1_38625309	EG4
Chr1_38649195	EG4
Chr1_38674211	EG4
Chr1_38859875	EG4
Chr1_38898351	EG4
Chr1_39146347	EG4
Chr1_39147393	EG4
Chr1_39152986	EG4
Chr1_39364001	EG4
Chr1_39395727	EG4
Chr1_39543337	EG4
Chr1_39957256	EG4
Chr1_40220461	EG4
Chr1_40446605	EG4
Chr1_40469771	EG4
Chr1_40641753	EG4
Chr1_40818574	EG4
Chr1_40832861	EG4
Chr1_41148510	EG4
Chr1_41293487	EG4
Chr1_41818258	EG4
Chr1_42062685	EG4
Chr1_42147041	EG4
Chr1_42156580	EG4
Chr1_42539790	EG4
Chr1_42599828	EG4
Chr1_42930249	EG4
Chr2_217914	EG4
Chr2_223439	EG4
Chr2_682275	EG4
Chr2_913612	EG4
Chr2_1161810	EG4
Chr2_1718924	EG4
Chr2_2025375	EG4
Chr2_3502593	EG4
Chr2_3639030	EG4
Chr2_4314534	EG4
Chr2_4772219	EG4
Chr2_5193146	EG4
Chr2_5763675	EG4
Chr2_5855199	EG4
Chr2_5857977	EG4
Chr2_6951579	EG4
Chr2_7113419	EG4
Chr2_7476139	EG4
Chr2_8019723	EG4
Chr2_8112930	EG4
Chr2_8898159	EG4
Chr2_10076666	EG4
Chr2_11594056	EG4
Chr2_12467699	EG4
Chr2_13200713	EG4
Chr2_14601852	EG4
Chr2_15395122	EG4
Chr2_16368114	EG4
Chr2_18569682	EG4
Chr2_20079932	EG4
Chr2_20144822	EG4
Chr2_20589716	EG4
Chr2_20722278	EG4
Chr2_20894874	EG4
Chr2_21319933	EG4
Chr2_21443359	EG4
Chr2_22478976	EG4
Chr2_22523629	EG4
Chr2_22545099	EG4
Chr2_23088577	EG4
Chr2_23882556	EG4
Chr2_24014617	EG4
Chr2_25548874	EG4
Chr2_25969391	EG4
Chr2_26510354	EG4
Chr2_26711768	EG4
Chr2_27162234	EG4
Chr2_27201257	EG4
Chr2_27244609	EG4
Chr2_27685184	EG4
Chr2_28376796	EG4
Chr2_28662451	EG4
Chr2_28724475	EG4
Chr2_28732622	EG4
Chr2_29314301	EG4
Chr2_29547914	EG4
Chr2_29576699	EG4
Chr2_29763501	EG4
Chr2_30104996	EG4
Chr2_30818507	EG4
Chr2_30934394	EG4
Chr2_31455300	EG4
Chr2_31636376	EG4
Chr2_31660939	EG4
Chr2_32190834	EG4
Chr2_32301245	EG4
Chr2_32382017	EG4
Chr2_32397173	EG4
Chr2_32572257	EG4
Chr2_32858535	EG4
Chr2_33231673	EG4
Chr2_33559718	EG4
Chr2_33835811	EG4
Chr2_33871068	EG4
Chr2_34627178	EG4
Chr2_34670529	EG4
Chr2_34906640	EG4
Chr2_35227626	EG4
Chr2_35248756	EG4
Chr3_198571	EG4
Chr3_399054	EG4
Chr3_457158	EG4
Chr3_511328	EG4
Chr3_982230	EG4
Chr3_1247287	EG4
Chr3_1298985	EG4
Chr3_1431128	EG4
Chr3_1969220	EG4
Chr3_2085957	EG4
Chr3_3623526	EG4
Chr3_3804369	EG4
Chr3_3829094	EG4
Chr3_3872633	EG4
Chr3_4238663	EG4
Chr3_4266654	EG4
Chr3_4377251	EG4
Chr3_4797188	EG4
Chr3_4833786	EG4
Chr3_5042629	EG4
Chr3_5454779	EG4
Chr3_6024419	EG4
Chr3_6154019	EG4
Chr3_6261802	EG4
Chr3_6328407	EG4
Chr3_6439653	EG4
Chr3_6441698	EG4
Chr3_6512008	EG4
Chr3_7296366	EG4
Chr3_8349120	EG4
Chr3_8629496	EG4
Chr3_9014022	EG4
Chr3_9162953	EG4
Chr3_9336145	EG4
Chr3_9407572	EG4
Chr3_10084474	EG4
Chr3_10593110	EG4
Chr3_10748543	EG4
Chr3_10990368	EG4
Chr3_11329079	EG4
Chr3_11484094	EG4
Chr3_11781492	EG4
Chr3_11922189	EG4
Chr3_12046563	EG4
Chr3_12046810	EG4
Chr3_12409836	EG4
Chr3_13027115	EG4
Chr3_13281743	EG4
Chr3_13683978	EG4
Chr3_14597026	EG4
Chr3_15487800	EG4
Chr3_15698485	EG4
Chr3_16222139	EG4
Chr3_16551322	EG4
Chr3_17642390	EG4
Chr3_21233166	EG4
Chr3_24840821	EG4
Chr3_24855528	EG4
Chr3_26028785	EG4
Chr3_26753247	EG4
Chr3_26851144	EG4
Chr3_28019799	EG4
Chr3_28088458	EG4
Chr3_28167520	EG4
Chr3_28365656	EG4
Chr3_28577817	EG4
Chr3_29404857	EG4
Chr3_30205084	EG4
Chr3_31364756	EG4
Chr3_31662046	EG4
Chr3_31683284	EG4
Chr3_31837376	EG4
Chr3_31890842	EG4
Chr3_32548452	EG4
Chr3_32650638	EG4
Chr3_32710402	EG4
Chr3_32858970	EG4
Chr3_33902571	EG4
Chr3_34077805	EG4
Chr3_34107487	EG4
Chr3_34361762	EG4
Chr3_34774768	EG4
Chr3_35894894	EG4
Chr3_35945978	EG4
Chr3_36156326	EG4
Chr4_1877632	EG4
Chr4_5214492	EG4
Chr4_6058783	EG4
Chr4_7389412	EG4
Chr4_11690712	EG4
Chr4_13285705	EG4
Chr4_13471890	EG4
Chr4_15070774	EG4
Chr4_18566523	EG4
Chr4_19359151	EG4
Chr4_19471781	EG4
Chr4_19510849	EG4
Chr4_19922772	EG4
Chr4_19988237	EG4
Chr4_19999251	EG4
Chr4_20249931	EG4
Chr4_21602062	EG4
Chr4_21673100	EG4
Chr4_21832417	EG4
Chr4_21998763	EG4
Chr4_22198162	EG4
Chr4_23198999	EG4
Chr4_23342823	EG4
Chr4_23439375	EG4
Chr4_23564792	EG4
Chr4_23571129	EG4
Chr4_23585578	EG4
Chr4_24089600	EG4
Chr4_24089809	EG4
Chr4_24101202	EG4
Chr4_24208720	EG4
Chr4_25029909	EG4
Chr4_25771128	EG4
Chr4_26020116	EG4
Chr4_26451868	EG4
Chr4_26982347	EG4
Chr4_27475744	EG4
Chr4_27542803	EG4
Chr4_27814002	EG4
Chr4_28018210	EG4
Chr4_28289922	EG4
Chr4_28739796	EG4
Chr4_28903395	EG4
Chr4_29218324	EG4
Chr4_29603862	EG4
Chr4_30320687	EG4
Chr4_30513996	EG4
Chr4_31677001	EG4
Chr4_31904071	EG4
Chr4_31997419	EG4
Chr4_32326934	EG4
Chr4_32766521	EG4
Chr4_33017280	EG4
Chr4_33189356	EG4
Chr4_33507342	EG4
Chr4_33755373	EG4
Chr4_33861549	EG4
Chr4_34052704	EG4
Chr4_35244613	EG4
Chr4_35422418	EG4
Chr5_226599	EG4
Chr5_745152	EG4
Chr5_772693	EG4
Chr5_1441038	EG4
Chr5_1779799	EG4
Chr5_2148360	EG4
Chr5_2156797	EG4
Chr5_2292903	EG4
Chr5_3849221	EG4
Chr5_4249077	EG4
Chr5_4687185	EG4
Chr5_5370455	EG4
Chr5_6164427	EG4
Chr5_6604411	EG4
Chr5_7498589	EG4
Chr5_14154609	EG4
Chr5_14452334	EG4
Chr5_14654627	EG4
Chr5_14878343	EG4
Chr5_15210312	EG4
Chr5_15213005	EG4
Chr5_15488459	EG4
Chr5_15586257	EG4
Chr5_15698448	EG4
Chr5_16084832	EG4
Chr5_16364135	EG4
Chr5_16615708	EG4
Chr5_19961219	EG4
Chr5_20117984	EG4
Chr5_20192187	EG4
Chr5_20591982	EG4
Chr5_22027348	EG4
Chr5_22056643	EG4
Chr5_22526122	EG4
Chr5_22646608	EG4
Chr5_22917113	EG4
Chr5_23257993	EG4
Chr5_23730901	EG4
Chr5_24643228	EG4
Chr5_24878618	EG4
Chr5_25474860	EG4
Chr5_25536620	EG4
Chr5_25546565	EG4
Chr5_25829848	EG4
Chr5_26247574	EG4
Chr5_26358921	EG4
Chr5_28151163	EG4
Chr5_28647319	EG4
Chr5_28927630	EG4
Chr5_29019505	EG4
Chr5_29722383	EG4
Chr6_844778	EG4
Chr6_1730612	EG4
Chr6_2035334	EG4
Chr6_2856375	EG4
Chr6_4005007	EG4
Chr6_4093155	EG4
Chr6_4234882	EG4
Chr6_4729736	EG4
Chr6_5175416	EG4
Chr6_5502988	EG4
Chr6_5711664	EG4
Chr6_5760194	EG4
Chr6_6151041	EG4
Chr6_6356701	EG4
Chr6_6521724	EG4
Chr6_6848915	EG4
Chr6_7253875	EG4
Chr6_7690781	EG4
Chr6_8042612	EG4
Chr6_8279423	EG4
Chr6_8316573	EG4
Chr6_8318684	EG4
Chr6_8356630	EG4
Chr6_10143336	EG4
Chr6_10926509	EG4
Chr6_11552864	EG4
Chr6_12091522	EG4
Chr6_14533007	EG4
Chr6_14790332	EG4
Chr6_15893886	EG4
Chr6_17106305	EG4
Chr6_17922886	EG4
Chr6_18823102	EG4
Chr6_18886269	EG4
Chr6_20717706	EG4
Chr6_21010524	EG4
Chr6_22646014	EG4
Chr6_22695566	EG4
Chr6_23126473	EG4
Chr6_23535330	EG4
Chr6_24310180	EG4
Chr6_24594486	EG4
Chr6_24594638	EG4
Chr6_25002505	EG4
Chr6_25103031	EG4
Chr6_25864117	EG4
Chr6_25917763	EG4
Chr6_26083882	EG4
Chr6_26944607	EG4
Chr6_27840590	EG4
Chr6_28118769	EG4
Chr6_29048878	EG4
Chr6_29691949	EG4
Chr6_30049592	EG4
Chr6_30293898	EG4
Chr6_30296350	EG4
Chr6_30450782	EG4
Chr6_30823271	EG4
Chr7_429081	EG4
Chr7_1246440	EG4
Chr7_1554683	EG4
Chr7_2205350	EG4
Chr7_2738726	EG4
Chr7_3667744	EG4
Chr7_4802471	EG4
Chr7_4910921	EG4
Chr7_5160300	EG4
Chr7_7314673	EG4
Chr7_8294689	EG4
Chr7_11852824	EG4
Chr7_13481674	EG4
Chr7_14975640	EG4
Chr7_15400641	EG4
Chr7_16023231	EG4
Chr7_16612755	EG4
Chr7_17125849	EG4
Chr7_18920531	EG4
Chr7_20093473	EG4
Chr7_20152298	EG4
Chr7_20204537	EG4
Chr7_21376224	EG4
Chr7_22060084	EG4
Chr7_22529403	EG4
Chr7_22533203	EG4
Chr7_23009796	EG4
Chr7_23272149	EG4
Chr7_23752426	EG4
Chr7_23852998	EG4
Chr7_23898252	EG4
Chr7_24075931	EG4
Chr7_24438348	EG4
Chr7_25772024	EG4
Chr7_25788367	EG4
Chr7_25985475	EG4
Chr7_26090553	EG4
Chr7_26156681	EG4
Chr7_26338630	EG4
Chr7_26460306	EG4
Chr7_27443189	EG4
Chr7_28047547	EG4
Chr7_28151482	EG4
Chr7_28821662	EG4
Chr7_29015071	EG4
Chr7_29154627	EG4
Chr7_29475469	EG4
Chr7_29484348	EG4
Chr8_271838	EG4
Chr8_273040	EG4
Chr8_306746	EG4
Chr8_458414	EG4
Chr8_737333	EG4
Chr8_763043	EG4
Chr8_973879	EG4
Chr8_1012378	EG4
Chr8_1462967	EG4
Chr8_2433357	EG4
Chr8_5378085	EG4
Chr8_8431092	EG4
Chr8_8581519	EG4
Chr8_8655021	EG4
Chr8_9060427	EG4
Chr8_9385126	EG4
Chr8_11403144	EG4
Chr8_14721481	EG4
Chr8_15387726	EG4
Chr8_19197270	EG4
Chr8_19452247	EG4
Chr8_19612715	EG4
Chr8_20120594	EG4
Chr8_20628371	EG4
Chr8_21756196	EG4
Chr8_22948359	EG4
Chr8_22958988	EG4
Chr8_23025728	EG4
Chr8_23290288	EG4
Chr8_23665412	EG4
Chr8_23802327	EG4
Chr8_24585355	EG4
Chr8_24622993	EG4
Chr8_24830425	EG4
Chr8_24965703	EG4
Chr8_25236839	EG4
Chr8_25278858	EG4
Chr8_25450358	EG4
Chr8_25611877	EG4
Chr8_25881177	EG4
Chr8_26374789	EG4
Chr8_26397346	EG4
Chr8_27109714	EG4
Chr8_27153070	EG4
Chr8_28049379	EG4
Chr8_28383893	EG4
Chr9_643090	EG4
Chr9_968866	EG4
Chr9_2094377	EG4
Chr9_4307878	EG4
Chr9_5619074	EG4
Chr9_6030899	EG4
Chr9_7117394	EG4
Chr9_7248750	EG4
Chr9_9582125	EG4
Chr9_10863117	EG4
Chr9_13584175	EG4
Chr9_13736140	EG4
Chr9_13737777	EG4
Chr9_13762430	EG4
Chr9_14118722	EG4
Chr9_14700756	EG4
Chr9_14782689	EG4
Chr9_14977977	EG4
Chr9_15263054	EG4
Chr9_15394514	EG4
Chr9_15532716	EG4
Chr9_15873913	EG4
Chr9_15912166	EG4
Chr9_16024217	EG4
Chr9_16104394	EG4
Chr9_16330819	EG4
Chr9_16690611	EG4
Chr9_17071065	EG4
Chr9_17452746	EG4
Chr9_17534147	EG4
Chr9_17681464	EG4
Chr9_18354393	EG4
Chr9_18375280	EG4
Chr9_18705898	EG4
Chr9_19033418	EG4
Chr9_19596968	EG4
Chr9_19641732	EG4
Chr9_20809355	EG4
Chr9_21458343	EG4
Chr9_21744262	EG4
Chr9_21884648	EG4
Chr9_22186804	EG4
Chr9_22827569	EG4
Chr9_22906167	EG4
Chr10_1242358	EG4
Chr10_2854242	EG4
Chr10_4007945	EG4
Chr10_6566242	EG4
Chr10_6896565	EG4
Chr10_9169249	EG4
Chr10_11955069	EG4
Chr10_13030577	EG4
Chr10_13102743	EG4
Chr10_13370540	EG4
Chr10_14020305	EG4
Chr10_16851281	EG4
Chr10_17020822	EG4
Chr10_17446040	EG4
Chr10_17496870	EG4
Chr10_17887155	EG4
Chr10_18044213	EG4
Chr10_18765102	EG4
Chr10_18779258	EG4
Chr10_18969591	EG4
Chr10_20589624	EG4
Chr10_21163117	EG4
Chr10_21361205	EG4
Chr10_21760885	EG4
Chr10_22510406	EG4
Chr10_22578378	EG4
Chr11_714170	EG4
Chr11_714789	EG4
Chr11_966068	EG4
Chr11_1952737	EG4
Chr11_2742202	EG4
Chr11_4045616	EG4
Chr11_4179065	EG4
Chr11_4478373	EG4
Chr11_4740975	EG4
Chr11_6969695	EG4
Chr11_7425459	EG4
Chr11_7503885	EG4
Chr11_10797352	EG4
Chr11_10863128	EG4
Chr11_11100554	EG4
Chr11_14340124	EG4
Chr11_14578664	EG4
Chr11_14670785	EG4
Chr11_16397044	EG4
Chr11_16894771	EG4
Chr11_17868746	EG4
Chr11_18586266	EG4
Chr11_19084256	EG4
Chr11_19229151	EG4
Chr11_19939293	EG4
Chr11_20038503	EG4
Chr11_20490424	EG4
Chr11_20550382	EG4
Chr11_20895230	EG4
Chr11_20942174	EG4
Chr11_21114459	EG4
Chr11_21176363	EG4
Chr11_21459183	EG4
Chr11_22019926	EG4
Chr11_22474608	EG4
Chr11_22938097	EG4
Chr11_24682791	EG4
Chr11_25523875	EG4
Chr11_25599582	EG4
Chr11_26077403	EG4
Chr11_28213973	EG4
Chr11_28625681	EG4
Chr12_332028	EG4
Chr12_706666	EG4
Chr12_743980	EG4
Chr12_1886037	EG4
Chr12_2870893	EG4
Chr12_3119685	EG4
Chr12_3369492	EG4
Chr12_3616589	EG4
Chr12_4097961	EG4
Chr12_4965477	EG4
Chr12_5160188	EG4
Chr12_6625423	EG4
Chr12_8090820	EG4
Chr12_8852563	EG4
Chr12_8882993	EG4
Chr12_9350664	EG4
Chr12_9370479	EG4
Chr12_10612330	EG4
Chr12_12580932	EG4
Chr12_15140181	EG4
Chr12_17526130	EG4
Chr12_19177972	EG4
Chr12_19590292	EG4
Chr12_23877482	EG4
Chr12_24091666	EG4
Chr12_24244568	EG4
Chr12_24247326	EG4
Chr12_24587179	EG4
Chr12_24595102	EG4
Chr12_26012061	EG4
Chr12_26261129	EG4
